|positive|,"|Kapan ada pos kargo kakak, supaya pengiriman di atas 10kg bisa lebih murah seperti rival rival sebelah|"
|positive|,|Cek resi sampai mana 17986231457|
|positive|,|Dear kantor pos.Mau nanya bisa kah pengiriman paket ke pakistan dan biaya perkg nya...Dan kiraÂ² berapa hari sampai.Mohon di jawab.please |dan Terimakasih  jawabannya.
|positive|,|Maaf paket saya 27 hari kok lum sampai ..brendingnya 10 pek 14 hari..??|
|positive|,"|Tolong di cek paket dgn nmr resi 18257810714.Update terakhir yg bisa dilacak tgl 1 feb, selanjut nya ntah nyangkut dimana sampai ini. Krn blm ada kabar berita nya....|"
|positive|,"|Mantap Pos Indonesia postingannya kekininan sekali, semoga kedepan bisa lebih bagus lagi , salam buat adminnya"
|positive|,"|Apabila dana cod blm dibayarkan pak pos, apakah akan menunda kupon undian yg akan saya dapatkan juga?trimakasih"
|positive|,"|bagus informasinya tapi alangkah lebih bagusnya informasi seputar program dan layanan pos, ok lah kalau kantor pos dalam kota sementara untuk pos yang berada dipelosok bahkan dikawasan tertentu untuk 3 wilayah kecamatan hanya dilayani oleh satu kantor pos dan hanya 2 orang petugas. Terima kasih, salam pelanggan Pos Garut selatan."
|positive|,"Kalo paket di tahan beacukai gimana solusinya pak pos,,,,apakah sampai disitu aja,,, soalnya barang saya di tahan beacukai tapi aku tidak pernah di hubungi untuk bagaimana kelanjutannya"
|positive|,17667710957 no resi ini barang udh di terima tapi stts gagal antar si gmn ya..udh berkali2 di peringati ttp sama kaya gini kinerjanya
|positive|,"Kalo boleh saran Untuk ongkir COD jangan bayar dimuka, karna sebagai pebisnis online kadang ada barang yang tidak terkirim ke customer dan itu menyebabakan retur, kalo sistemnya seperti logistikÂ² swasta saya yakin pelaku usaha online akan beralih ke pos indonesia"
|positive|,Nomer resi 18306176992 status gagal antar dari tanggal 2 februari padahal gak kemana mana dirumah terus
|positive|,18300299696 belum sampai dr tgl 30 Januari tujuan lumajang
|positive|,18300299696 belum sampai dr tgl 30 Januari tujuan lumajang
|positive|,18300299696 belum sampai dr tgl 30 Januari tujuan lumajang
|positive|,"Pos kirim 9 hari belum nyampek,"
|positive|,Pakt no resi:18319655884 harus berapa lama lagi saya nunggu??padahal sudah di ambon sejak tgl 23 sudah ada manifes serah ke kantor pos daerah saya sampai sekarang belum masuk.
|positive|,"Tolong lah RU831246500NL gada kejelasan nih, padahal paket udh di kantor pos kabupaten, knp juga bisa balik lagi ke pos cirebon. Dan sekerang gda kejelasan paket ini bakal gimana. Haduh"
|positive|,Gimana nih nasibnya paketku LP189275514SG terbenam di gudang kali
|positive|,Bayar pgm nya melalui transfer ke atas nama yg jaga loket yaaApa gimana biar bisa ikutan
|positive|,17953520792
|positive|,"Kak, saya ada paket dr New Delhi sebulan blm sampai. Status custom hold. Ini gimana?"
|positive|,Resi 18105748132 pengiriman ini kok belum sampai padahal pengiriman dari tgl 25 masa lama bgt tolong di tindak lanjuti
|positive|,"Min ini gimana, paket sudah sampai di pos kabupaten kok malah balik lagi ke cirebon ğŸ˜­ RU831246500NL"
|positive|,Aamiin
|neutral|,CEK INBOX MIN
|neutral|,Mohon ditrack LP189275514SG dimana posisinya saat ini
|neutral|,"Pos Indonesia MANTAP.Pengiriman dr JAWA TENGAH tgl 1 feb 2021 n dlm jangka waktu 1 minggu masih d SURABAYA. Nunggu berapa minggu lg k SUMBA, NTT ya....ğŸ˜­ğŸ˜­ğŸ˜­ğŸ˜­ğŸ˜­ğŸ˜­ğŸ˜­ğŸ˜­ğŸ˜­ğŸ˜­ğŸ˜­ğŸ˜­ğŸ˜­ğŸ˜­ğŸ˜­ğŸ˜­"
|neutral|,"Status gagal dikirim begitu, kira"" kenapa ya kak? Padahal biasanya ngirim ke tujuan yg sama sudah berulang kali."
|neutral|,Pembataln kiriman bisa gak
|neutral|,"Mau tanya paket kiriman saya dgn no barcode 59511C1UB000052 sekarang dimana y????,boleh minta tolong dikirim balik ke saya aja(di retur) coz penerima g tanggung jawab udah diantar 2x g ada yg bayar COD,katanya mau diambil di pos kecamatan malah g diambil,FB dan WA saya malah diBLOKIR."
|neutral|,Pengen gabung di pt pos indonesia cara ngelamarnya gimana ya
|neutral|,Pakwt dengan Nomor resi : 55197C2UB000190Belum sampai juga sudh loncat ETA 2 hari. Tolonglah profesionalnya. Blog POS indo blm update juga.
|neutral|,18134235217 nyampek mana
|neutral|,Cara bayar ongkir pakai pos giro gimana min
|neutral|,18257810714 blm ada kbr berita. Pengiriman tgl 31 januari 2021. Tolong info jelas nya. Customer kami sdh nanya nanya ini gan
|neutral|,jangan untuk pensiun aja. biar umkm yg lain juga bs merasakan.
|neutral|,Bayar ongkir pkai pos giro gmna caranya?
|neutral|,"Heleh..... Postman ning DEMAK GAK GENAH. Anakku kirim surat utk tugas SMP aja gak sampe. baru setelah dicari ke Kantor Pos Demak, SURATE MASIH NGENDON DISANA. Dan itu 2Kali terjadi. Gitu koq mau Eksis ğŸ¤‘"
|neutral|,Tolong cek resi  11460C5UA000762  sudah dari tgl 22 bulan 1 belum bergerak
|neutral|,"RU831246500NL 1 minggu gda kejelasan, paket hilang atau apa gk jelas ğŸ˜ sangat mengewakan ğŸ˜ª"
|neutral|,semoga beruntung ğŸ˜
|neutral|,LP190575309SG pos Indonesia tolong di cek. Dari hari senin di antar status nya tapi sampai sekarang hari rabu belum juga tiba. Sudah sering melakukan pengantaran ke tempat saya masa gak tau tempat saya si kurirnya. Mohon di percepat ğŸ™
|neutral|,"Sukses buat POS Indonesia, saya mengandalkanmu buat ngirim paket ke customer di seluruh Indonesia. Perbaiki sistem pelayanan biar nggak kalau sama yang swasta. ğŸ‘"
|neutral|,Ini Pos meme kan ?
|neutral|,"Gman ini 13000UA00001373, udah mau 1 bln blm nyampe2 , padahl blng estimasi 7-14 hri... tolong dong pak di perjelas"
|neutral|,Kenapa dalam 4 hri ini tak bisa cek resi pos???
|neutral|,"Wuah , ketinggalan. Udah awal bulan nih..Tapi koq belom nongol pemenangnya ğŸ˜ŠğŸ™"
|neutral|,17953520792
|neutral|,hallo kak udah 2 hari ngirim paket.. tapi pas di cek resi (13919037053)  nya gabisatolong solusi nya
|neutral|,"min, saya sudah mengajukan pertanyaan melalui inbox. mohon konfirmasi pengecekannya. ditunggu terimaksih"
|neutral|,Halo kk selamat siangBisa cek resi ini18287404946
|neutral|,Perlu dibenahi lagi
|neutral|,Ok
|neutral|,Min ini kok buka meme postingannya ?
|neutral|,1833600129718336001284Di lacak kok gak gerak2 ya min.ğŸ™ğŸ»ğŸ™ğŸ»ğŸ™ğŸ»
|neutral|,"Tolong penjelasannya, kenapa paket saya yg dikirim ke Rusia malah akan dikembalikan lg ke Indonesia. Waktu awal saya kirim pakai alamat pribadi kemudian dari pihak kantor pos minta saya untuk ganti alamat jadi alamat kantor padahal sebelumnya saya kirim pake alamat pribadi tidak ada masalah, setelah diganti alamat kantor. Paket saya sampai Rusia malah dikembalikan lagi krn alamatnya adalah alamat kantor. Kenapa ini pos indonesia dan rusia ga sinkron??? Saya udah lakukan yg diminta pihak kantor pos tapi malah paket saya mau dikembalikan lagi, kemudian ongkir saya juga hangus!! Kecewa berat saya sama kantor pos!!"
|neutral|,Min bisa kirim ke Taiwan gk
|neutral|,"Itu yg dapat hadiah berdasarkan apa min, diundi atau syarat khusus lainnya"
|neutral|,Pakai giro dapat gak fee seperti posfin
|neutral|,"Ka.. Biaya kirim dokumen pake QIX berat dibawah 500gr ke belanda, biayanya brp ya..?"
|neutral|,Pos kok paket udah lebih dari seminggu ga Dateng* itu gimana tolong!!
|neutral|,Hari ini kntor pos buka /tutup ya.smp jm berapa
|neutral|,tolong kepada pihak pos indonesia kiriman paketnya di sampein ke alamat kampungnya bukan di titipin ke tetangga kampunya. kasian ke customernya kejauhan ngambilnya
|neutral|,kirim via pos terus donk
|neutral|,LP190575309SG min ini kemaren kita tanya soal barang ini ke kantor dan jawaban nya barang sudah di bawa kurir tapi sampai sekarang belom di kirimkan?. Barang di kirimkan di bawa kurir sejak senin tapi sampai hari Kamis belum juga tiba. Kita tanya di fb ini katanya sudah di beritahukan ke pihak terkait dan kmaren juga tanya ke kantor barang sudah di bawa kurir jd tunggu aja. Masa di bawa selama 3 gak tiba2.Kalau mau ngambil ke kantor apa kita harus bayar juga biaya pengiriman itu?.
|neutral|,bissmillah semoga beruntung
|negative|,"saya agen posfin mohon dicek laporan saya dengan no ticket 31093, deposit ke virtual akun mandiri belum masuk sampai sekarang, tidak ada kejelasan nunggu berapa lama"
|negative|,Bos biaya karantina kirim tanaman dr magelang ke luar Jawa brapa ya
|negative|,Sukses trrus buat motor gesitsnya
|negative|,11610BUA0000430 mohon info pengiriman saya sudah 7hari lebih belum sampe sampe. Padahal di counternya bilang estimasi 3-4 hari saja
|negative|,18105747824 pengiriman dengan no resi ini udh sampai knp di stts gagal antar si..kebijakan pos gmn mau jadi penipu apa gmn
|negative|,"No.1, jok motor no.1 kelihatan dan seluruhnya kelihatan tanpa tertutup motor lain."
|negative|,18263686464 no resinya  kok blm diupdate kak.
|negative|,Saya mau kirim paket ke serawak malaysai caranya gimana
|negative|,ini FP resmi PT POS?kok gak centang biru min??
|negative|,Sri Lestari Purwaningsih  bisa di lacak pake google bisa
|negative|,Pengiriman dijawa timur pos sungguh bikin geleng kepala
|negative|,Min bisa minta info kontak kantor pos aimere?
|negative|,infone pak pos
|negative|,"18175646647 min, itu nomor resi dari tgl 6 stuck gag dikirim2 ke kedungdung, ditunggu konsumennnnnnğŸ˜­ğŸ˜­ğŸ˜­. Uangnya pun saya tunggu buat muter lagiiiğŸ˜­ğŸ˜­ğŸ˜­"
|negative|,Mau kirim barang ke pelanggan tp saya ga ada no rekening.  Apa ada solusinya...
|negative|,Mau login kok gini mulu ya?
|negative|,blm beruntung
|negative|,min.. numpang tanya dong. Materai 10rb udah beredar belum ya
|negative|,Cek RU844921849NL
|negative|,kok paket saya blom sampai juga udah 10 hari dari tgl 26 januari sampai hari ini blom nyampe
|negative|,PCX hybrid..
|negative|,Pak Pos kirim barang ke Jepang lewat laut Masih bisa gak ?
|negative|,"Ini bener? Tapi, stlh aku cek paket baru sampai di Kantorpos Pusat Kabupaten. RD016112027HK"
|negative|,Paket no sering 18302782107 kirim tgl 27 februari2021 tujuan pos balige22311 belum sampai... Kapan sampai nya? Trimakasi
|negative|,18105748989 ini barang udh sampai knp masih on proses n uang belum masuk...
|negative|,Min boleh tahu jenis2 pengiriman paket (barang) di Pos Indonesia ada berapa..??
|negative|,Nabung? BSI aja
|negative|,Registrasi imei hp di kantor pos daerah kena biaya gak?
|negative|,Apakah hari Minggu buka
|neutral|,Ikutan ah.. Jawab : Motor no 5 soalnya Plat No beda dari yang lain sih #PosCustomerReward
|positive|,Ayla
|negative|,Bos ini barang udh sampai kok di stts gagal antar
|neutral|,Min balas inbox saya
|neutral|,Mau tanya paket min
|neutral|,Pos Indonesia sudah saya kirim datanya min
|negative|,ğŸ™terimakasih
|neutral|,18306648404 cek min
|neutral|,pakean kurang lebih 15 kilo..dari bojonegoro tujuan ke bandung
|neutral|,"Saya kecewa atas pelayanan perusahaan saudara, saya kirim paket ke czech republic biaya mahal barang tidak sampai padahal alamat dan no tlp benar ttp kembali ke indonesia lagi dan saya disuruh membayar pajak!!aneh aja bukan kesalahan saya tetepi saya disuruh menanggung beban! Biaya pengiriman ke czech 1.3 lebih barang kembali ke indonesia dan saya hrs nebus pajak 535rb!!"
|negative|,Mohon maaf baru bergabung caranya gimna.. ?
|neutral|,ngga ada namanya. belum beruntung
|neutral|,oh gitu ya..
|neutral|,LP190355679SG status nya di pos region dr tgl 2 tp ga dikirim kirim min ke tujuan :(
|neutral|,Pos Indonesia banget ini ğŸ‘
|neutral|,Hai min mo tanya POS INDONESIA sdh melayani COD kah
|positive|,"Maaf mau tanya,ongkos kirim barang dari pulau Biak tujuan Makassar kira2 berapa ya /kg ?"
|neutral|,21CSN0000467533 paket kami belum nyampek sejak sudah 5 hari
|neutral|,Klo mau COD gimana caranya pake Pos?
|negative|,No barcode 18277954435 sudah sampai ke penerima tolong dicek lagi pos Indonesia wilayah Tangerang ğŸ™
|negative|,Solusi pembeli belum menerima barangğŸ˜¢ğŸ˜¢
|negative|,
|positive|,Mau di usut apa gmn si...pedagang cod selalu diginiin sma pos..mau mau di urus sama yg berwajib apa gmn ini pos..dari dulu saya diginiin terus..pengurus pos indonesia sebenere gmn sama kurir yg gak bertanggung jawab
|neutral|,Motor no.5 plat nomer nya  beda tulisan nya warna kuning
|neutral|,Neneng nesuDesa tamansariDusun  budagan Rt 2 rw 6Kec. Dringu   kab. ProbolinggoHP. Resi. 18323015850 Va. 70081152705Pon 702478466092720Barang sudah smpai dari tgl 18 pengiriman.. Uang blm cair
|neutral|,Kak kok belum di update udah sampe mana resi ny LP190058185SG
|neutral|,pasar baru jkt x
|neutral|,Tolong follow up
|neutral|,Saya rugi banyak atas permasalahan ini!
|neutral|,Kak untuk COD apakah ud bisa seluruh indonesia ? Apakah masih terbatas ?
|neutral|,Mau sampai kapan resi 18252843455 nyampe?
|neutral|,Cara ikutnya gmna
|neutral|,RV684806449GB cek pos
|neutral|,I po dong gmn caranya ğŸ™ğŸ™mksih
|negative|,Mantap
|neutral|,18334093337 ijin pak bos cek. Dri tgl 27-01-2021 : gx grak2 ğŸ™ ijin infonya bosku .biar kmi ttp pke pos
|negative|,POSFIN BUMN JUGA KAK ?
|neutral|,SugengKp. Cikarang barat bk. BekasiJln. Imam bonjolDesa suka danu Rt 07/08Warung bongkok(Sugeng knalpot purbalingga) HP. 085210004646Resi. 18255621704Va. 70081364222Pon. 664178466023930Barang dari tgl 29 belum diantar.. Mohon untuk segera diantar karena sudah ditunggu..
|negative|,21csn0000467533 mohon di cek paket sya gak nyampek2. Statusnya ttp aja dr tanggal 30 GK bergerak
|positive|,hai kak boleh minta tolong untuk follow up hold an uang cod yg blm di setorkan ngga?
|neutral|,ok
|negative|,Apakah kantor pos jl Asia Afrika buka hari minggu
|neutral|,"Motor nomor 5, plat beda"
|negative|,
|positive|,"Kak saya dari sumba waingapu, mau kirim paket ke china belom bisa kak  ğŸ™"
|negative|,"saya punya  10kiriman pos berperangko surat/kartu pos ke alamat saya tapi belum ada yang sampai berbulan bulan . (udah 7 bulan ini )apa itu gak dianterin sama pak posnya dari kantor pos Bogor??(waktu dulu biasanya kalau ada kiriman berperangko  1 /2 saja udah dianter , skrng malah g ada yang sampai..sama sekali...)"
|negative|,"kak numpang tanya, kalau tarif perkilo untuk paketan berya?"
|negative|,Yg dpt itu yg gimana kak d undi atau gmna
|neutral|,Caranya gimana bayar ongkir pakai PGM?
|negative|,ğŸ‘ğŸ‘ğŸ‘
|negative|,Assalamualaikum wr wb..Boleh minta no layanan castemer servis
|negative|,Kirim ke malaysa brp ya ongkirnya?
|neutral|,Aplikasi COD Pos apa lgi troble min?
|negative|,Min paket saya sudah 10 hari blm sampai No barcode 18247486091 tolong di cek min. Trimksh
|negative|,KiraÂ²kirim paket ke maleber brpa?
|negative|,Salam tim o-ranger Kepuasan pelanggan adalah prioritas utama kita .
|neutral|,"motor no 5 min, plat nomernya beda"
|neutral|,"kenapa ya setiap kiriman dari luar negeri saat diteruskan pos, selalu saja ngadat?"
|positive|,kpn bisa ya expres seluruh provinsi
|positive|,Ka? Tau ga no.hp kurir kantor pos purwodadi?
|neutral|,itu pgm.nya harus di daftarkan dulu apa gimana bosq.
|negative|,Amin...
|negative|,"percuma anter2 doank, pickup pesanan harus minimal 4 paket"
|positive|,semoga rejeki bisa dapat motor. amiin
|negative|,udh cek resi katanya udh sampe tp blm ada sampe rumah
|neutral|,Pos menipu lagi ya.
|positive|,"Koq tetangganya gak ada yang keluar ya, minimal heran gitu ada apa koq rame... ğŸ˜"
|positive|,Syarat dan ketentuannya apa aja ya min?
|neutral|,Cek resi 18340055574
|positive|,motor no.5 #PosIndonesia#PostCustomerReward#PosGiromobile#QitaDekatkan#KirimPaket#KirimBarang
|positive|,Paket saya LP189275514SG apakah sudah meninggalkan makassar
|positive|,ok tq
|positive|,yg ikut undian berhadiah.  semua yang punya POSGIRO MOBILE bos.
|positive|,kita batam hanya bisa kirim expres tujuan jabotabek saja yg lain belum bisa .
|neutral|,"pos mau tanya untuk paket ini apa belum ada pengantaran , apa di nyatakan hilang  , sola nya pengiriman sejak bulan desember sampai bulan februari belum ada pengiriman no resi : 18089784294nama penerima : : ERAalamat penerima :  TUMPAKREJO RT 8 RW 4 DS. TUMPAKREJO KEC. KALIPARE, KAB. MALANG 65166no tlp :  085810418225"
|positive|,Saya sudah ratusan x pengiriman pake pos.. tp ngga pernah dapet apa2
|positive|,P
|positive|,Tetep aja kalah sama perusahaan2 jastip yg laen.
|positive|,info tracking donk pos RV684806449GB
|positive|,Dari pengalaman yg saya Alami dan membaca komentar yg ada kebanyakan kesalahan pada Kurir. Kurir tidak mengantarkan sampai tujuan. Disini yg perlu di perbaiki
|positive|,Paket saya kok gagal antar semuanya udah jelas
|positive|,nice kreatif
|positive|,Mohon info lacak..sudah sampai manaLP001213483ID
|positive|,Pos Indonesia emang the best. Besok saya mau kirim 55 Paket Diabetes ke Sulawesi dan Kalimantan pake pos . Terima kasih pos Makin baik terusPaket diabetes dapat dibeli di nomor dibawah iniwa.me/6281357478442
|positive|,"Motor nomor 5, plat beda"
|neutral|,Hallo saya mau kirim paket kargo.ke swedia berapa biaya nya???
|neutral|,Yang ke 5 kali saya tanya.Tolong di perjelas untuk ditindak lanjuti paket saya.55197C2UB000190
|positive|,18306648404 follow up gak bergerak
|positive|,"Minsay nomor resi18175646647Diteruskan ke kedungdung knapa nggk sampai2, dari tgl 6"
|positive|,tetep aja bobrok
|neutral|,Apa ga kemahalan itu pake pcx listrik...wong ada gesits yg bener2 karya anak bangsa kok malah kerjasama ama pabrikan jepang ?
|positive|,Pak pos gmna paket saya blm sampe 18133985636 cek pak
|neutral|,"Min, sy cek tarif di https://www.posindonesia.co.id/id/check-tarif, untuk pengiriman ke luar negeri, kok tanpa dimensi dan dengan dimensi harganya beda ?"
|positive|,Resi. 18255621704Cek boss gk smpai2
|negative|,"bagus si emang pelayanannya pos Indonesia sekarang , good job bro"
|negative|,Tolong dong cek RU844921849NL bagaimana?
|negative|,No 5 plat beda#PosCustomerReward
|negative|,Bang kenapa ya beli import di bawah 3$ mesti kena biaya padahal kan di bawah 3$ lepas bea cukai... Tris itu Beaya apa y
|positive|,Kuda nil dikali bugil gak?
|positive|,Cek RU844921849NL
|positive|,Dlm rangka apa?? Pos indonesia ultah?
|positive|,Cek RU844921849NL
|negative|,"Paketan tidak sampe ke alamat tujuan czech republik biaya pengiriman 1,3jt lebih dan barang tdk smp tujuan dng alasan yg tidak jelas pdhl alamat dan no tlp benar dan balik ke negara indonesia dengan meminta biaya bea cukai sebesar 535rb, coba liat rugi berapa saya dlm hal ini?? Bukan kesalahan saya tetapi di bebankan ke pada saya !!!!!!!!!!!!"
|negative|,saya yg menang..amin ğŸ¤£ğŸ˜‚ğŸ¤£ğŸ˜‚
|positive|,"Dear Pos,Akhirnya saya dapatkan informasi paket saya tidak sampai2 lebih dari 4 bulan ternyata nyangkut di Pos Indonesia... setelah di cek di website Pos Indonesia :beberapa pesan tertulis : Unsuccessfull DeliveryPadahal sudah 1 tahun saya selalu dirumah (WFH), dan semua paket dari kurir lain selalu sampai tanpa ada masalah.Nomor resi-nya lengkapnya sudah saya inbox : LP18*****56SGMohon bantuannya untuk mengirimkan paket tersebut yaaa..."
|positive|,71005280043 tlng CK pssi pktku udh lmyn lmA paket kilat
|neutral|,"Pos harus tambah maju, kreatif, inovasi untuk menghadapi zaman. Jangan sampai seperti nokia.ğŸ‘"
|negative|,Ini beda min
|neutral|,Paketku udah 2 minggu masih di pengecekekan bea cukai..bandara batamğŸ˜­ğŸ˜­ğŸ˜­ğŸ˜­
|positive|,18278890592 cek kka
|negative|,70081520978 tolong di cek pak pos
|negative|,"Jangan hanya penampilan,swp diperbaiki,petugas antar yang males dipindah,apresiasi tenaga antar yg Gesit dan tidak patah semangat dilapangan"
|negative|,"Sampe numpuk""....berharap dpat undian kapan yağŸ˜®ğŸ˜®ğŸ˜® buat tambahan modal usaha"
|negative|,Kalau mau tau ongkir ke luar negri dmn ?
|positive|,PON704751644115211Tolong cek gagal kirim dah jelas
|positive|,"aq kirim  kedampit gagal terus, padahal sekota, udah kasih no wa, kok gk dtlpon2"
|negative|,"No 1, karena bodi belakang nya terlihat semua #PosCustomerReward"
|negative|,"Pegawai pos nya laki laki tapi judes, wajahnya masam. Aku jadi bingung......wkwkek"
|positive|,Zee Danuarta  Isi nya baju dan aturan dari BC batam baju hanya boleh kirim 10 potong dan pajak 54% dari nilai barangHarap hubungi agen tempat kakak kirim nya
|positive|,Stephen Suikong oh iya kah...bgaimna bisa seperti itu ya
|negative|,Ayuu sdah di truskan ke kantor pos parungpanjang
|positive|,Zee Danuarta barang di tahan bea cukai gan karna harga yg di laoprkan kurang harap menbawa resi ke kantor pos pusat batam center untuk urus dan bayar kekurangan pajak nya gan
|positive|,Pos Indonesia 29446C1UA000248
|positive|,"Selamat pagi POS INDONESIA..Apakah SOP nya kah paket COD di RETURN ke kami penjual tanpa ada konfirmasi ke kami sbg penjual nya.Ongkir nya kami bayar pakai uang asli, bkn uang palsu ataupun de daunan lho. Nmr hp pembeli n nmr hp kami adad paket trsbt.Cnth kasus paket dgn nmr resi  18257810730"
|positive|,"Minta informasi paket saya pak, sudah lewat dari estimasi. Nomor resi 18132153263"
|positive|,Hloo kak https://youtu.be/A4rqfv9-Ofc
|positive|,Mudah mudahan ada yang peduli denganmu.. GESITS MOTOR
|neutral|,Caranya
|positive|,Halo min tlg cek pake EJ268940038AU kira kira kapan sampai di tangerang ?
|negative|,18334093337. Cek bosku .grak dikit npağŸ‘†
|neutral|,Mau tanya kalau bansos dari desa lagi turun ga..yang di bagiin sama petugas kantor pos
|negative|,Sepeda motor no.5 tulisan diplat depan warna kuning#PosCustomerReward
|positive|,Kaka tolong lacak kapan barang saya mau di antar
|positive|,Dengan no resi 18321313079. Belum menerima barang. Setelah dicek kok tertulis keterangan sudah diterima? Kira kira barang saya Sampek mana ya? Mohon di cek
|positive|,Sore Pak..tlg dibantu follow up no resi 29435C1UB000625 y..tq ğŸ™ğŸ™
|positive|,Pos Indonesia kerja sama nya dong 2x kirim ke luar negri kasus terus pos ...bayar yg kilat..datang 3 Minggu...yg sekarang janji nya 6 hari...eh boro boro ...
|negative|,Kalau ada produk asing ngapain pakai produk dalam negri... sabar yah GESITS MOTOR
|negative|,"Tolong cek resi pos 18245367959,status tak ada perubahan trimakasih"
|negative|,Pos Indonesia Sy beli barang di ebay dr bulan november kirim dr India pake Carrier:India PostTracking number:RD405667106INKapan bisa saya terima di alamat tujuan?
|positive|,RU844921849NL cek min
|neutral|,"Ga jelas,..kiriman belum di terima,,resi di cek salah antar,,di telfon berkali2 ga di angkat..."
|positive|,#PosCustomerRewardNo5 Plat Nomor Beda
|positive|,Si gmn dari orangnya aja bilang udh sampai masa di stts gagal antar maksdnya gmn
|positive|,"Pos Indonesia Pos Indonesia resi :18321313079Isi kiriman : Batre printerNama Penerima : Habibi Sahid Kode Pos : 69362Alamat : Dusun Glugur 1, RT 003 RW 005, Desa Palengaan Laok, Kecamatan Palengaan, Kabupaten Pamekasan. No Hp penerima : 081937145532"
|positive|,Kopjen Purba sama om paket saya juga nyangkut di surabaya.
|negative|,Maaf sudah berkali kali jawaban seperti ini.Kok bisa kembali ke laut..padahal sudah perjalanan ke singkawang..Ya allah..aq harus gimana ini..1 bulan waktu yg gak sedikit..
|positive|,Maaf hari INI menjelang.*SATU BULAN*PAKET NYA SAMPAI DIMANA BELUM ADA KABAR YG VALID...
|positive|,Trim infonya Maaf  setahu saya..klau  sudah dlm perjalanan pontianak ..singkawang..sehari pasti sampai...
|positive|,Maaf sudah sampai singkawang ..belum..
|neutral|,Min cek RU844921849NL
|neutral|,cek RU844921849NL
|positive|,cek 18102998938
|positive|,Motor nomor 5 #PosCustomerReward Amarti Kece Setiawan  Avivatuh Zuhriyah  Raja Ratu Raden
|neutral|,Jawabannya : Nomor 5#PosCustomerRewardIkutan juga yukMey LinaLuina LinoyNiia Hernaa
|positive|,No 5 #PosCustomerReword
|positive|,Nomor 5#PosCustomerRewardayo ikutan Khalid Bin Walid Novendra Ariana Vera Vivi Cullent Tuti Dianah Wati
|neutral|,Motor nomor 5 #PosCustomerReward Erni Ryanto Tuti Dianah Wati Hani Arjuna Koko Komarudin Chichiewahyuni Sri
|negative|,Motor nomor 5 #PosCustomerReward Erni Ryanto Tuti Dianah Wati Hani Arjuna Koko Komarudin Chichiewahyuni Sri
|negative|,Motor Nomor 5 #PosCustomerRewardAya Khan SrkVivi CullentMuchtar Arieeff
|negative|,Nomor 5#PosCustomerRewardMiqdad Al Basbas  Abel Alisha Arziliyah Hamsir
|neutral|,Nomor 5#PosCustomerRewardIkutan juga yukAam Maryam Zaid Permana Fara ThewongAyu Uci Tari Samuel Santika
|neutral|,No 5.pos juara.selalu d hati
|positive|,paket kiriman dari australia dikirim bulan September 2020 s.d saat ini belum sampai no resi EY106456122AU status tracking sdh sampai indonesia tgl 27 Nov 2020... tp paket belum diterima
|positive|,"pos indonesia go internasional, mantapvideo langka uji coba bom nuklir yang menyebabkan tsunami oleh negara Amerika Serikathttps://youtu.be/KblYywXX7Eo"
|positive|,Pakt no resi:18319655884 harus berapa lama lagi saya nunggu??padahal sudah di ambon sejak tgl 23 sudah ada manifes serah ke kantor pos daerah saya sampai sekarang belum masuk.
|negative|,"Tolong lah RU831246500NL gada kejelasan nih, padahal paket udh di kantor pos kabupaten, knp juga bisa balik lagi ke pos cirebon. Dan sekerang gda kejelasan paket ini bakal gimana. Haduh"
|negative|,Gimana nih nasibnya paketku LP189275514SG terbenam di gudang kali
|negative|,Bayar pgm nya melalui transfer ke atas nama yg jaga loket yaaApa gimana biar bisa ikutan
|positive|,17953520792
|positive|,"Kak, saya ada paket dr New Delhi sebulan blm sampai. Status custom hold. Ini gimana?"
|neutral|,Resi 18105748132 pengiriman ini kok belum sampai padahal pengiriman dari tgl 25 masa lama bgt tolong di tindak lanjuti
|negative|,"Min ini gimana, paket sudah sampai di pos kabupaten kok malah balik lagi ke cirebon ğŸ˜­ RU831246500NL"
|neutral|,Aamiin
|positive|,CEK INBOX MIN
|negative|,Mohon ditrack LP189275514SG dimana posisinya saat ini
|negative|,"Pos Indonesia MANTAP.Pengiriman dr JAWA TENGAH tgl 1 feb 2021 n dlm jangka waktu 1 minggu masih d SURABAYA. Nunggu berapa minggu lg k SUMBA, NTT ya....ğŸ˜­ğŸ˜­ğŸ˜­ğŸ˜­ğŸ˜­ğŸ˜­ğŸ˜­ğŸ˜­ğŸ˜­ğŸ˜­ğŸ˜­ğŸ˜­ğŸ˜­ğŸ˜­ğŸ˜­ğŸ˜­"
|negative|,"Status gagal dikirim begitu, kira"" kenapa ya kak? Padahal biasanya ngirim ke tujuan yg sama sudah berulang kali."
|negative|,Pembataln kiriman bisa gak
|positive|,"Mau tanya paket kiriman saya dgn no barcode 59511C1UB000052 sekarang dimana y????,boleh minta tolong dikirim balik ke saya aja(di retur) coz penerima g tanggung jawab udah diantar 2x g ada yg bayar COD,katanya mau diambil di pos kecamatan malah g diambil,FB dan WA saya malah diBLOKIR."
|positive|,Pengen gabung di pt pos indonesia cara ngelamarnya gimana ya
|negative|,Pakwt dengan Nomor resi : 55197C2UB000190Belum sampai juga sudh loncat ETA 2 hari. Tolonglah profesionalnya. Blog POS indo blm update juga.
|positive|,18134235217 nyampek mana
|positive|,Cara bayar ongkir pakai pos giro gimana min
|positive|,18257810714 blm ada kbr berita. Pengiriman tgl 31 januari 2021. Tolong info jelas nya. Customer kami sdh nanya nanya ini gan
|negative|,jangan untuk pensiun aja. biar umkm yg lain juga bs merasakan.
|negative|,Bayar ongkir pkai pos giro gmna caranya?
|negative|,"Heleh..... Postman ning DEMAK GAK GENAH. Anakku kirim surat utk tugas SMP aja gak sampe. baru setelah dicari ke Kantor Pos Demak, SURATE MASIH NGENDON DISANA. Dan itu 2Kali terjadi. Gitu koq mau Eksis ğŸ¤‘"
|negative|,Tolong cek resi  11460C5UA000762  sudah dari tgl 22 bulan 1 belum bergerak
|neutral|,"RU831246500NL 1 minggu gda kejelasan, paket hilang atau apa gk jelas ğŸ˜ sangat mengewakan ğŸ˜ª"
|neutral|,semoga beruntung ğŸ˜
|neutral|,LP190575309SG pos Indonesia tolong di cek. Dari hari senin di antar status nya tapi sampai sekarang hari rabu belum juga tiba. Sudah sering melakukan pengantaran ke tempat saya masa gak tau tempat saya si kurirnya. Mohon di percepat ğŸ™
|negative|,"Sukses buat POS Indonesia, saya mengandalkanmu buat ngirim paket ke customer di seluruh Indonesia. Perbaiki sistem pelayanan biar nggak kalau sama yang swasta. ğŸ‘"
|negative|,Ini Pos meme kan ?
|positive|,"Gman ini 13000UA00001373, udah mau 1 bln blm nyampe2 , padahl blng estimasi 7-14 hri... tolong dong pak di perjelas"
|neutral|,Kenapa dalam 4 hri ini tak bisa cek resi pos???
|negative|,"Wuah , ketinggalan. Udah awal bulan nih..Tapi koq belom nongol pemenangnya ğŸ˜ŠğŸ™"
|neutral|,17953520792
|neutral|,hallo kak udah 2 hari ngirim paket.. tapi pas di cek resi (13919037053)  nya gabisatolong solusi nya
|negative|,"min, saya sudah mengajukan pertanyaan melalui inbox. mohon konfirmasi pengecekannya. ditunggu terimaksih"
|neutral|,Halo kk selamat siangBisa cek resi ini18287404946
|positive|,Perlu dibenahi lagi
|neutral|,Ok
|negative|,Min ini kok buka meme postingannya ?
